[
  {
    "January": [
      -13, -13, -13, -14, -13, -12, -12, -13, -13, -13, -14, -13, -14, -14, -13,
      -13, -13, -13, -13, -13, -13, -13, -12, -12, -11, -11, -11, -11, -12, -12,
      -12
    ]
  },
  {
    "February": [
      -11, -11, -10, -10, -9, -9, -9, -8, -9, -8, -9, -9, -8, -8, -8, -7, -7,
      -6, -6, -6, -6, -6, -6, -5, -5, -4, -4, -3
    ]
  },
  {
    "March": [
      -3, -3, -3, -2, -2, -2, -1, 0, 0, 0, 0, 1, 2, 2, 2, 3, 4, 4, 4, 3, 3, 4,
      4, 5, 5, 6, 7, 7, 7, 8, 7
    ]
  },
  {
    "April": [
      8, 9, 10, 11, 12, 11, 11, 11, 10, 10, 11, 12, 13, 13, 13, 13, 13, 15, 15,
      15, 16, 15, 14, 15, 16, 16, 17, 18, 18, 19
    ]
  },
  {
    "May": [
      18, 18, 18, 18, 19, 19, 19, 19, 20, 20, 21, 21, 22, 22, 21, 22, 22, 22,
      22, 22, 23, 23, 22, 23, 23, 23, 24, 24, 24, 23, 23
    ]
  },
  {
    "June": [
      24, 24, 24, 25, 25, 25, 26, 25, 26, 27, 27, 26, 27, 26, 26, 27, 27, 27,
      28, 28, 28, 27, 28, 26, 28, 28, 28, 28, 29, 29
    ]
  },
  {
    "July": [
      28, 28, 27, 28, 28, 28, 26, 28, 28, 27, 29, 30, 29, 28, 28, 28, 28, 28,
      28, 29, 28, 30, 28, 28, 28, 28, 28, 28, 30, 28, 28
    ]
  },
  {
    "August": [
      28, 28, 27, 28, 28, 28, 26, 28, 28, 27, 29, 28, 29, 28, 28, 28, 28, 28,
      28, 29, 28, 30, 28, 28, 28, 28, 28, 28, 27, 26, 25
    ]
  },
  {
    "September": [
      26, 28, 27, 27, 27, 26, 26, 26, 25, 25, 26, 27, 25, 26, 26, 25, 25, 25,
      24, 25, 24, 24, 24, 22, 23, 22, 21, 21, 21, 20
    ]
  },
  {
    "October": [
      18, 16, 17, 17, 16, 16, 16, 15, 15, 15, 14, 14, 13, 13, 12, 12, 12, 12,
      11, 11, 11, 10, 9, 9, 8, 9, 9, 8, 7, 7, 6
    ]
  },
  {
    "November": [
      6, 7, 7, 6, 6, 5, 3, 2, 2, 1, 0, 1, 0, 0, -1, 0, -1, -1, -2, -2, -2, -3,
      -3, -4, -4, -4, -4, -5, -6, -6
    ]
  },
  {
    "December": [
      -5, -6, -6, -8, -7, -8, -8, -8, -9, -9, -9, -9, -9, -10, -9, -9, -9, -9,
      -10, -11, -11, -11, -12, -12, -12, -12, -12, -13, -13, -14, -13
    ]
  }
]
